Review,Sentiment
Okay product not great not bad,Neutral
Satisfactory product meets basic needs,Neutral
Excellent purchase very happy with it,Positive
Best product ever highly recommend,Positive
I absolutely love this item great quality,Positive
Very disappointed with the quality,Negative
Neither good nor bad just average,Neutral
Very disappointed with the quality,Negative
It is fine does what it should,Neutral
Fantastic experience very pleased,Positive
Terrible quality very disappointed,Negative
It is fine does what it should,Neutral
Worst purchase ever do not buy,Negative
It is fine does what it should,Neutral
This product is amazing and wonderful,Positive
Satisfactory product meets basic needs,Neutral
Average quality meets expectations,Neutral
Defective item very unhappy,Negative
Best product ever highly recommend,Positive
I absolutely love this item great quality,Positive
Acceptable quality for the price,Neutral
Satisfactory product meets basic needs,Neutral
Product is okay nothing special,Neutral
Acceptable quality for the price,Neutral
Acceptable quality for the price,Neutral
Excellent purchase very happy with it,Positive
It is fine does what it should,Neutral
Product is okay nothing special,Neutral
Decent product for the price,Neutral
Average quality meets expectations,Neutral
Works as expected nothing more,Neutral
This product is terrible waste of money,Negative
Decent product for the price,Neutral
Average quality meets expectations,Neutral
This product is amazing and wonderful,Positive
Fantastic experience very pleased,Positive
Best product ever highly recommend,Positive
Superb quality will buy again,Positive
Works as expected nothing more,Neutral
Great value for money loved it,Positive
Average quality meets expectations,Neutral
Fantastic experience very pleased,Positive
Okay product not great not bad,Neutral
Poor quality stopped working quickly,Negative
Product is okay nothing special,Neutral
Outstanding quality and fast delivery,Positive
Really satisfied with this purchase,Positive
Fantastic experience very pleased,Positive
Horrible product not worth it,Negative
Terrible quality very disappointed,Negative
Very disappointed with the quality,Negative
Completely useless and broken,Negative
Product is okay nothing special,Neutral
Okay product not great not bad,Neutral
Poor quality stopped working quickly,Negative
Awful product waste of time,Negative
Fantastic experience very pleased,Positive
This product is amazing and wonderful,Positive
Great value for money loved it,Positive
Poor quality stopped working quickly,Negative
Horrible product not worth it,Negative
This product is terrible waste of money,Negative
Great value for money loved it,Positive
Perfect product works exactly as described,Positive
Very disappointed with the quality,Negative
Best product ever highly recommend,Positive
This product is amazing and wonderful,Positive
Okay product not great not bad,Neutral
Fair quality average performance,Neutral
Outstanding quality and fast delivery,Positive
Great value for money loved it,Positive
Worst purchase ever do not buy,Negative
Worst purchase ever do not buy,Negative
Fantastic experience very pleased,Positive
Horrible product not worth it,Negative
Acceptable quality for the price,Neutral
Poor quality stopped working quickly,Negative
Worst purchase ever do not buy,Negative
I absolutely love this item great quality,Positive
This product is terrible waste of money,Negative
Decent product for the price,Neutral
Fantastic experience very pleased,Positive
This product is amazing and wonderful,Positive
Terrible quality very disappointed,Negative
Defective item very unhappy,Negative
Really satisfied with this purchase,Positive
Very disappointed with the quality,Negative
Poor quality stopped working quickly,Negative
Poor quality stopped working quickly,Negative
Horrible product not worth it,Negative
Average quality meets expectations,Neutral
Perfect product works exactly as described,Positive
Perfect product works exactly as described,Positive
It is fine does what it should,Neutral
Okay product not great not bad,Neutral
Fantastic experience very pleased,Positive
Great value for money loved it,Positive
Best product ever highly recommend,Positive
Acceptable quality for the price,Neutral
Outstanding quality and fast delivery,Positive
Very bad experience never again,Negative
Very bad experience never again,Negative
Decent product for the price,Neutral
Decent product for the price,Neutral
Perfect product works exactly as described,Positive
Outstanding quality and fast delivery,Positive
Fantastic experience very pleased,Positive
Average quality meets expectations,Neutral
Best product ever highly recommend,Positive
Poor quality stopped working quickly,Negative
I absolutely love this item great quality,Positive
Decent product for the price,Neutral
Very bad experience never again,Negative
I absolutely love this item great quality,Positive
Outstanding quality and fast delivery,Positive
Perfect product works exactly as described,Positive
Terrible quality very disappointed,Negative
Superb quality will buy again,Positive
Really satisfied with this purchase,Positive
Satisfactory product meets basic needs,Neutral
Horrible product not worth it,Negative
Works as expected nothing more,Neutral
Decent product for the price,Neutral
Really satisfied with this purchase,Positive
I absolutely love this item great quality,Positive
Neither good nor bad just average,Neutral
Neither good nor bad just average,Neutral
Worst purchase ever do not buy,Negative
Okay product not great not bad,Neutral
Excellent purchase very happy with it,Positive
Neither good nor bad just average,Neutral
Superb quality will buy again,Positive
Decent product for the price,Neutral
Product is okay nothing special,Neutral
Very disappointed with the quality,Negative
Really satisfied with this purchase,Positive
Outstanding quality and fast delivery,Positive
This product is amazing and wonderful,Positive
Awful product waste of time,Negative
Outstanding quality and fast delivery,Positive
Average quality meets expectations,Neutral
I absolutely love this item great quality,Positive
Neither good nor bad just average,Neutral
Perfect product works exactly as described,Positive
Very bad experience never again,Negative
It is fine does what it should,Neutral
Poor quality stopped working quickly,Negative
Average quality meets expectations,Neutral
Excellent purchase very happy with it,Positive
Worst purchase ever do not buy,Negative
Satisfactory product meets basic needs,Neutral
Neither good nor bad just average,Neutral
This product is terrible waste of money,Negative
Okay product not great not bad,Neutral
Horrible product not worth it,Negative
Works as expected nothing more,Neutral
Product is okay nothing special,Neutral
Really satisfied with this purchase,Positive
Superb quality will buy again,Positive
Best product ever highly recommend,Positive
Great value for money loved it,Positive
Outstanding quality and fast delivery,Positive
Okay product not great not bad,Neutral
Average quality meets expectations,Neutral
I absolutely love this item great quality,Positive
Perfect product works exactly as described,Positive
Acceptable quality for the price,Neutral
It is fine does what it should,Neutral
Poor quality stopped working quickly,Negative
This product is amazing and wonderful,Positive
Outstanding quality and fast delivery,Positive
Acceptable quality for the price,Neutral
This product is terrible waste of money,Negative
This product is terrible waste of money,Negative
Superb quality will buy again,Positive
Fantastic experience very pleased,Positive
Decent product for the price,Neutral
Worst purchase ever do not buy,Negative
Excellent purchase very happy with it,Positive
Works as expected nothing more,Neutral
Really satisfied with this purchase,Positive
Worst purchase ever do not buy,Negative
Best product ever highly recommend,Positive
Excellent purchase very happy with it,Positive
Acceptable quality for the price,Neutral
Completely useless and broken,Negative
Defective item very unhappy,Negative
I absolutely love this item great quality,Positive
Neither good nor bad just average,Neutral
Satisfactory product meets basic needs,Neutral
Terrible quality very disappointed,Negative
Defective item very unhappy,Negative
Works as expected nothing more,Neutral
Okay product not great not bad,Neutral
Very disappointed with the quality,Negative
Best product ever highly recommend,Positive
Awful product waste of time,Negative
Perfect product works exactly as described,Positive
Very bad experience never again,Negative
Really satisfied with this purchase,Positive
Terrible quality very disappointed,Negative
Very bad experience never again,Negative
This product is amazing and wonderful,Positive
Outstanding quality and fast delivery,Positive
Fair quality average performance,Neutral
Awful product waste of time,Negative
Excellent purchase very happy with it,Positive
Poor quality stopped working quickly,Negative
I absolutely love this item great quality,Positive
Terrible quality very disappointed,Negative
Best product ever highly recommend,Positive
Neither good nor bad just average,Neutral
Very bad experience never again,Negative
Product is okay nothing special,Neutral
I absolutely love this item great quality,Positive
Excellent purchase very happy with it,Positive
Product is okay nothing special,Neutral
I absolutely love this item great quality,Positive
Decent product for the price,Neutral
Superb quality will buy again,Positive
Average quality meets expectations,Neutral
Defective item very unhappy,Negative
Completely useless and broken,Negative
This product is terrible waste of money,Negative
Superb quality will buy again,Positive
Best product ever highly recommend,Positive
This product is amazing and wonderful,Positive
Great value for money loved it,Positive
Product is okay nothing special,Neutral
Works as expected nothing more,Neutral
Works as expected nothing more,Neutral
This product is amazing and wonderful,Positive
Poor quality stopped working quickly,Negative
Decent product for the price,Neutral
Works as expected nothing more,Neutral
Product is okay nothing special,Neutral
Works as expected nothing more,Neutral
Okay product not great not bad,Neutral
Works as expected nothing more,Neutral
Satisfactory product meets basic needs,Neutral
This product is terrible waste of money,Negative
Fair quality average performance,Neutral
Terrible quality very disappointed,Negative
Fantastic experience very pleased,Positive
Worst purchase ever do not buy,Negative
Terrible quality very disappointed,Negative
Okay product not great not bad,Neutral
It is fine does what it should,Neutral
Satisfactory product meets basic needs,Neutral
Awful product waste of time,Negative
Fair quality average performance,Neutral
This product is amazing and wonderful,Positive
Average quality meets expectations,Neutral
Horrible product not worth it,Negative
It is fine does what it should,Neutral
Horrible product not worth it,Negative
I absolutely love this item great quality,Positive
Terrible quality very disappointed,Negative
Defective item very unhappy,Negative
Works as expected nothing more,Neutral
Okay product not great not bad,Neutral
Great value for money loved it,Positive
Horrible product not worth it,Negative
Worst purchase ever do not buy,Negative
Works as expected nothing more,Neutral
Neither good nor bad just average,Neutral
This product is terrible waste of money,Negative
Superb quality will buy again,Positive
Decent product for the price,Neutral
Awful product waste of time,Negative
Best product ever highly recommend,Positive
Superb quality will buy again,Positive
Best product ever highly recommend,Positive
Fair quality average performance,Neutral
Completely useless and broken,Negative
Average quality meets expectations,Neutral
Product is okay nothing special,Neutral
Acceptable quality for the price,Neutral
Perfect product works exactly as described,Positive
Fair quality average performance,Neutral
Fair quality average performance,Neutral
Decent product for the price,Neutral
It is fine does what it should,Neutral
Poor quality stopped working quickly,Negative
Best product ever highly recommend,Positive
Terrible quality very disappointed,Negative
Great value for money loved it,Positive
Acceptable quality for the price,Neutral
I absolutely love this item great quality,Positive
Decent product for the price,Neutral
Defective item very unhappy,Negative
Okay product not great not bad,Neutral
I absolutely love this item great quality,Positive
Okay product not great not bad,Neutral
This product is terrible waste of money,Negative
Completely useless and broken,Negative
Awful product waste of time,Negative
Works as expected nothing more,Neutral
Product is okay nothing special,Neutral
Poor quality stopped working quickly,Negative
Excellent purchase very happy with it,Positive
Terrible quality very disappointed,Negative
Neither good nor bad just average,Neutral
It is fine does what it should,Neutral
Outstanding quality and fast delivery,Positive
I absolutely love this item great quality,Positive
Fair quality average performance,Neutral
Acceptable quality for the price,Neutral
Defective item very unhappy,Negative
Excellent purchase very happy with it,Positive
Fantastic experience very pleased,Positive
It is fine does what it should,Neutral
Really satisfied with this purchase,Positive
Terrible quality very disappointed,Negative
Average quality meets expectations,Neutral
Defective item very unhappy,Negative
Completely useless and broken,Negative
Defective item very unhappy,Negative
Outstanding quality and fast delivery,Positive
Decent product for the price,Neutral
Horrible product not worth it,Negative
Works as expected nothing more,Neutral
Terrible quality very disappointed,Negative
Very disappointed with the quality,Negative
Horrible product not worth it,Negative
Okay product not great not bad,Neutral
Great value for money loved it,Positive
Average quality meets expectations,Neutral
Really satisfied with this purchase,Positive
Perfect product works exactly as described,Positive
Neither good nor bad just average,Neutral
Worst purchase ever do not buy,Negative
Works as expected nothing more,Neutral
Terrible quality very disappointed,Negative
Poor quality stopped working quickly,Negative
Product is okay nothing special,Neutral
I absolutely love this item great quality,Positive
Best product ever highly recommend,Positive
Worst purchase ever do not buy,Negative
Completely useless and broken,Negative
Outstanding quality and fast delivery,Positive
Very bad experience never again,Negative
Satisfactory product meets basic needs,Neutral
Okay product not great not bad,Neutral
Okay product not great not bad,Neutral
Worst purchase ever do not buy,Negative
Really satisfied with this purchase,Positive
Defective item very unhappy,Negative
Outstanding quality and fast delivery,Positive
Okay product not great not bad,Neutral
I absolutely love this item great quality,Positive
Very disappointed with the quality,Negative
This product is amazing and wonderful,Positive
Okay product not great not bad,Neutral
Completely useless and broken,Negative
Awful product waste of time,Negative
Defective item very unhappy,Negative
Worst purchase ever do not buy,Negative
Awful product waste of time,Negative
Superb quality will buy again,Positive
This product is terrible waste of money,Negative
Horrible product not worth it,Negative
Satisfactory product meets basic needs,Neutral
Acceptable quality for the price,Neutral
Fair quality average performance,Neutral
Very disappointed with the quality,Negative
Best product ever highly recommend,Positive
Very disappointed with the quality,Negative
Superb quality will buy again,Positive
Neither good nor bad just average,Neutral
Really satisfied with this purchase,Positive
Average quality meets expectations,Neutral
Average quality meets expectations,Neutral
Poor quality stopped working quickly,Negative
Fair quality average performance,Neutral
Defective item very unhappy,Negative
Acceptable quality for the price,Neutral
Product is okay nothing special,Neutral
Okay product not great not bad,Neutral
Fantastic experience very pleased,Positive
Works as expected nothing more,Neutral
Okay product not great not bad,Neutral
Product is okay nothing special,Neutral
Awful product waste of time,Negative
Horrible product not worth it,Negative
Best product ever highly recommend,Positive
Fair quality average performance,Neutral
Satisfactory product meets basic needs,Neutral
Great value for money loved it,Positive
Product is okay nothing special,Neutral
Poor quality stopped working quickly,Negative
Very bad experience never again,Negative
Neither good nor bad just average,Neutral
Awful product waste of time,Negative
Satisfactory product meets basic needs,Neutral
Very disappointed with the quality,Negative
Best product ever highly recommend,Positive
Decent product for the price,Neutral
Average quality meets expectations,Neutral
Poor quality stopped working quickly,Negative
Defective item very unhappy,Negative
I absolutely love this item great quality,Positive
Product is okay nothing special,Neutral
Works as expected nothing more,Neutral
Superb quality will buy again,Positive
Very disappointed with the quality,Negative
Superb quality will buy again,Positive
This product is amazing and wonderful,Positive
Outstanding quality and fast delivery,Positive
Satisfactory product meets basic needs,Neutral
It is fine does what it should,Neutral
Excellent purchase very happy with it,Positive
Very disappointed with the quality,Negative
Fantastic experience very pleased,Positive
Terrible quality very disappointed,Negative
Very disappointed with the quality,Negative
This product is amazing and wonderful,Positive
Works as expected nothing more,Neutral
Awful product waste of time,Negative
Works as expected nothing more,Neutral
Great value for money loved it,Positive
Terrible quality very disappointed,Negative
Great value for money loved it,Positive
Awful product waste of time,Negative
Poor quality stopped working quickly,Negative
Neither good nor bad just average,Neutral
This product is terrible waste of money,Negative
Perfect product works exactly as described,Positive
Great value for money loved it,Positive
Satisfactory product meets basic needs,Neutral
This product is terrible waste of money,Negative
Great value for money loved it,Positive
Perfect product works exactly as described,Positive
Excellent purchase very happy with it,Positive
Terrible quality very disappointed,Negative
Defective item very unhappy,Negative
Terrible quality very disappointed,Negative
Really satisfied with this purchase,Positive
This product is amazing and wonderful,Positive
Horrible product not worth it,Negative
Neither good nor bad just average,Neutral
Very disappointed with the quality,Negative
Fantastic experience very pleased,Positive
Fair quality average performance,Neutral
This product is amazing and wonderful,Positive
Neither good nor bad just average,Neutral
This product is terrible waste of money,Negative
This product is terrible waste of money,Negative
Satisfactory product meets basic needs,Neutral
Satisfactory product meets basic needs,Neutral
Really satisfied with this purchase,Positive
Defective item very unhappy,Negative
Fantastic experience very pleased,Positive
Awful product waste of time,Negative
Poor quality stopped working quickly,Negative
Satisfactory product meets basic needs,Neutral
Works as expected nothing more,Neutral
Decent product for the price,Neutral
This product is amazing and wonderful,Positive
Perfect product works exactly as described,Positive
Very disappointed with the quality,Negative
Excellent purchase very happy with it,Positive
Superb quality will buy again,Positive
Completely useless and broken,Negative
I absolutely love this item great quality,Positive
Awful product waste of time,Negative
Terrible quality very disappointed,Negative
Neither good nor bad just average,Neutral
Worst purchase ever do not buy,Negative
Satisfactory product meets basic needs,Neutral
Fantastic experience very pleased,Positive
Average quality meets expectations,Neutral
I absolutely love this item great quality,Positive
Best product ever highly recommend,Positive
This product is terrible waste of money,Negative
Superb quality will buy again,Positive
Very disappointed with the quality,Negative
Really satisfied with this purchase,Positive
Horrible product not worth it,Negative
Completely useless and broken,Negative
Average quality meets expectations,Neutral
Really satisfied with this purchase,Positive
Completely useless and broken,Negative
It is fine does what it should,Neutral
Worst purchase ever do not buy,Negative
Very bad experience never again,Negative
Superb quality will buy again,Positive
Neither good nor bad just average,Neutral
It is fine does what it should,Neutral
Very bad experience never again,Negative
Excellent purchase very happy with it,Positive
Defective item very unhappy,Negative
Works as expected nothing more,Neutral
It is fine does what it should,Neutral
Product is okay nothing special,Neutral
Very disappointed with the quality,Negative
Poor quality stopped working quickly,Negative
Really satisfied with this purchase,Positive
Product is okay nothing special,Neutral
Satisfactory product meets basic needs,Neutral
Superb quality will buy again,Positive
Works as expected nothing more,Neutral
Completely useless and broken,Negative
Great value for money loved it,Positive
Poor quality stopped working quickly,Negative
Decent product for the price,Neutral
Great value for money loved it,Positive
Fantastic experience very pleased,Positive
This product is amazing and wonderful,Positive
It is fine does what it should,Neutral
Perfect product works exactly as described,Positive
Poor quality stopped working quickly,Negative
Works as expected nothing more,Neutral
Neither good nor bad just average,Neutral
Satisfactory product meets basic needs,Neutral
Perfect product works exactly as described,Positive
Superb quality will buy again,Positive
This product is amazing and wonderful,Positive
Acceptable quality for the price,Neutral
Fair quality average performance,Neutral
Okay product not great not bad,Neutral
Fair quality average performance,Neutral
It is fine does what it should,Neutral
Poor quality stopped working quickly,Negative
Very bad experience never again,Negative
Defective item very unhappy,Negative
Poor quality stopped working quickly,Negative
Awful product waste of time,Negative
Outstanding quality and fast delivery,Positive
Poor quality stopped working quickly,Negative
It is fine does what it should,Neutral
Superb quality will buy again,Positive
Average quality meets expectations,Neutral
Acceptable quality for the price,Neutral
Horrible product not worth it,Negative
Horrible product not worth it,Negative
Fair quality average performance,Neutral
Average quality meets expectations,Neutral
Completely useless and broken,Negative
This product is amazing and wonderful,Positive
Satisfactory product meets basic needs,Neutral
Satisfactory product meets basic needs,Neutral
Superb quality will buy again,Positive
Defective item very unhappy,Negative
It is fine does what it should,Neutral
Satisfactory product meets basic needs,Neutral
Awful product waste of time,Negative
Superb quality will buy again,Positive
Really satisfied with this purchase,Positive
Best product ever highly recommend,Positive
Horrible product not worth it,Negative
Neither good nor bad just average,Neutral
Very disappointed with the quality,Negative
Acceptable quality for the price,Neutral
Horrible product not worth it,Negative
Superb quality will buy again,Positive
Superb quality will buy again,Positive
It is fine does what it should,Neutral
Worst purchase ever do not buy,Negative
Excellent purchase very happy with it,Positive
I absolutely love this item great quality,Positive
This product is amazing and wonderful,Positive
Awful product waste of time,Negative
Decent product for the price,Neutral
Horrible product not worth it,Negative
Superb quality will buy again,Positive
Awful product waste of time,Negative
Very bad experience never again,Negative
Very bad experience never again,Negative
Defective item very unhappy,Negative
Terrible quality very disappointed,Negative
Fantastic experience very pleased,Positive
Acceptable quality for the price,Neutral
Neither good nor bad just average,Neutral
Outstanding quality and fast delivery,Positive
Completely useless and broken,Negative
Fantastic experience very pleased,Positive
Really satisfied with this purchase,Positive
Fantastic experience very pleased,Positive
Completely useless and broken,Negative
It is fine does what it should,Neutral
This product is terrible waste of money,Negative
Acceptable quality for the price,Neutral
Horrible product not worth it,Negative
Acceptable quality for the price,Neutral
Completely useless and broken,Negative
Completely useless and broken,Negative
Fair quality average performance,Neutral
Best product ever highly recommend,Positive
Satisfactory product meets basic needs,Neutral
Perfect product works exactly as described,Positive
I absolutely love this item great quality,Positive
Really satisfied with this purchase,Positive
Completely useless and broken,Negative
Defective item very unhappy,Negative
Okay product not great not bad,Neutral
Fantastic experience very pleased,Positive
Worst purchase ever do not buy,Negative
Excellent purchase very happy with it,Positive
Great value for money loved it,Positive
Worst purchase ever do not buy,Negative
Worst purchase ever do not buy,Negative
Horrible product not worth it,Negative
Product is okay nothing special,Neutral
Works as expected nothing more,Neutral
Very disappointed with the quality,Negative
Decent product for the price,Neutral
Terrible quality very disappointed,Negative
Satisfactory product meets basic needs,Neutral
Great value for money loved it,Positive
Outstanding quality and fast delivery,Positive
Excellent purchase very happy with it,Positive
Fantastic experience very pleased,Positive
Satisfactory product meets basic needs,Neutral
Completely useless and broken,Negative
It is fine does what it should,Neutral
Outstanding quality and fast delivery,Positive
Completely useless and broken,Negative
Poor quality stopped working quickly,Negative
Completely useless and broken,Negative
Average quality meets expectations,Neutral
Fair quality average performance,Neutral
Decent product for the price,Neutral
Perfect product works exactly as described,Positive
Poor quality stopped working quickly,Negative
This product is terrible waste of money,Negative
Awful product waste of time,Negative
Works as expected nothing more,Neutral
Great value for money loved it,Positive
Best product ever highly recommend,Positive
Awful product waste of time,Negative
Awful product waste of time,Negative
I absolutely love this item great quality,Positive
Acceptable quality for the price,Neutral
Very disappointed with the quality,Negative
Horrible product not worth it,Negative
Poor quality stopped working quickly,Negative
Very disappointed with the quality,Negative
Really satisfied with this purchase,Positive
Acceptable quality for the price,Neutral
Okay product not great not bad,Neutral
Very bad experience never again,Negative
This product is terrible waste of money,Negative
Product is okay nothing special,Neutral
This product is terrible waste of money,Negative
Neither good nor bad just average,Neutral
Acceptable quality for the price,Neutral
It is fine does what it should,Neutral
Best product ever highly recommend,Positive
Worst purchase ever do not buy,Negative
Excellent purchase very happy with it,Positive
Worst purchase ever do not buy,Negative
Excellent purchase very happy with it,Positive
Great value for money loved it,Positive
I absolutely love this item great quality,Positive
Fair quality average performance,Neutral
Terrible quality very disappointed,Negative
Fair quality average performance,Neutral
Really satisfied with this purchase,Positive
Product is okay nothing special,Neutral
Perfect product works exactly as described,Positive
Works as expected nothing more,Neutral
Decent product for the price,Neutral
Very bad experience never again,Negative
Terrible quality very disappointed,Negative
Awful product waste of time,Negative
Horrible product not worth it,Negative
Poor quality stopped working quickly,Negative
Awful product waste of time,Negative
Great value for money loved it,Positive
Really satisfied with this purchase,Positive
Great value for money loved it,Positive
Worst purchase ever do not buy,Negative
Perfect product works exactly as described,Positive
Great value for money loved it,Positive
Fantastic experience very pleased,Positive
Really satisfied with this purchase,Positive
Terrible quality very disappointed,Negative
Best product ever highly recommend,Positive
This product is amazing and wonderful,Positive
Awful product waste of time,Negative
Very bad experience never again,Negative
Excellent purchase very happy with it,Positive
Product is okay nothing special,Neutral
This product is terrible waste of money,Negative
Really satisfied with this purchase,Positive
Neither good nor bad just average,Neutral
Completely useless and broken,Negative
Terrible quality very disappointed,Negative
Fair quality average performance,Neutral
Decent product for the price,Neutral
Worst purchase ever do not buy,Negative
Completely useless and broken,Negative
Fair quality average performance,Neutral
Completely useless and broken,Negative
Really satisfied with this purchase,Positive
It is fine does what it should,Neutral
Fair quality average performance,Neutral
Neither good nor bad just average,Neutral
Terrible quality very disappointed,Negative
This product is amazing and wonderful,Positive
Very bad experience never again,Negative
Excellent purchase very happy with it,Positive
Horrible product not worth it,Negative
Very bad experience never again,Negative
Outstanding quality and fast delivery,Positive
This product is amazing and wonderful,Positive
Very bad experience never again,Negative
Fantastic experience very pleased,Positive
Awful product waste of time,Negative
Worst purchase ever do not buy,Negative
Defective item very unhappy,Negative
Excellent purchase very happy with it,Positive
Okay product not great not bad,Neutral
This product is amazing and wonderful,Positive
Excellent purchase very happy with it,Positive
Okay product not great not bad,Neutral
Outstanding quality and fast delivery,Positive
This product is terrible waste of money,Negative
Excellent purchase very happy with it,Positive
Very bad experience never again,Negative
Average quality meets expectations,Neutral
Fair quality average performance,Neutral
Fair quality average performance,Neutral
This product is terrible waste of money,Negative
Best product ever highly recommend,Positive
Perfect product works exactly as described,Positive
Acceptable quality for the price,Neutral
This product is amazing and wonderful,Positive
It is fine does what it should,Neutral
Really satisfied with this purchase,Positive
Very disappointed with the quality,Negative
Neither good nor bad just average,Neutral
This product is amazing and wonderful,Positive
Really satisfied with this purchase,Positive
Superb quality will buy again,Positive
Perfect product works exactly as described,Positive
Great value for money loved it,Positive
Horrible product not worth it,Negative
Outstanding quality and fast delivery,Positive
Perfect product works exactly as described,Positive
Awful product waste of time,Negative
Defective item very unhappy,Negative
Horrible product not worth it,Negative
Worst purchase ever do not buy,Negative
Excellent purchase very happy with it,Positive
Outstanding quality and fast delivery,Positive
Outstanding quality and fast delivery,Positive
Product is okay nothing special,Neutral
Decent product for the price,Neutral
Acceptable quality for the price,Neutral
Excellent purchase very happy with it,Positive
It is fine does what it should,Neutral
Neither good nor bad just average,Neutral
Completely useless and broken,Negative
Superb quality will buy again,Positive
Really satisfied with this purchase,Positive
Works as expected nothing more,Neutral
Perfect product works exactly as described,Positive
Really satisfied with this purchase,Positive
Perfect product works exactly as described,Positive
Average quality meets expectations,Neutral
Completely useless and broken,Negative
Fantastic experience very pleased,Positive
Neither good nor bad just average,Neutral
Acceptable quality for the price,Neutral
I absolutely love this item great quality,Positive
Outstanding quality and fast delivery,Positive
Defective item very unhappy,Negative
Best product ever highly recommend,Positive
Product is okay nothing special,Neutral
Superb quality will buy again,Positive
Really satisfied with this purchase,Positive
Very disappointed with the quality,Negative
Horrible product not worth it,Negative
Horrible product not worth it,Negative
Decent product for the price,Neutral
This product is terrible waste of money,Negative
Works as expected nothing more,Neutral
Perfect product works exactly as described,Positive
Outstanding quality and fast delivery,Positive
Poor quality stopped working quickly,Negative
Excellent purchase very happy with it,Positive
Perfect product works exactly as described,Positive
Terrible quality very disappointed,Negative
Horrible product not worth it,Negative
Poor quality stopped working quickly,Negative
Acceptable quality for the price,Neutral
Great value for money loved it,Positive
This product is terrible waste of money,Negative
Poor quality stopped working quickly,Negative
Acceptable quality for the price,Neutral
Very bad experience never again,Negative
Neither good nor bad just average,Neutral
Outstanding quality and fast delivery,Positive
Neither good nor bad just average,Neutral
Completely useless and broken,Negative
Works as expected nothing more,Neutral
Outstanding quality and fast delivery,Positive
Awful product waste of time,Negative
Works as expected nothing more,Neutral
Terrible quality very disappointed,Negative
Terrible quality very disappointed,Negative
Very disappointed with the quality,Negative
Excellent purchase very happy with it,Positive
I absolutely love this item great quality,Positive
Terrible quality very disappointed,Negative
Neither good nor bad just average,Neutral
Superb quality will buy again,Positive
Best product ever highly recommend,Positive
Really satisfied with this purchase,Positive
Satisfactory product meets basic needs,Neutral
Best product ever highly recommend,Positive
Satisfactory product meets basic needs,Neutral
Superb quality will buy again,Positive
Okay product not great not bad,Neutral
This product is amazing and wonderful,Positive
Decent product for the price,Neutral
It is fine does what it should,Neutral
Fantastic experience very pleased,Positive
Fantastic experience very pleased,Positive
Worst purchase ever do not buy,Negative
Terrible quality very disappointed,Negative
Really satisfied with this purchase,Positive
Completely useless and broken,Negative
Fantastic experience very pleased,Positive
Fair quality average performance,Neutral
Product is okay nothing special,Neutral
Defective item very unhappy,Negative
Fair quality average performance,Neutral
Awful product waste of time,Negative
This product is amazing and wonderful,Positive
Completely useless and broken,Negative
Average quality meets expectations,Neutral
Outstanding quality and fast delivery,Positive
Very disappointed with the quality,Negative
Satisfactory product meets basic needs,Neutral
Awful product waste of time,Negative
Decent product for the price,Neutral
Very disappointed with the quality,Negative
Awful product waste of time,Negative
Perfect product works exactly as described,Positive
Okay product not great not bad,Neutral
Defective item very unhappy,Negative
This product is terrible waste of money,Negative
Acceptable quality for the price,Neutral
Worst purchase ever do not buy,Negative
Terrible quality very disappointed,Negative
It is fine does what it should,Neutral
Perfect product works exactly as described,Positive
Worst purchase ever do not buy,Negative
Defective item very unhappy,Negative
Product is okay nothing special,Neutral
Perfect product works exactly as described,Positive
Completely useless and broken,Negative
Very bad experience never again,Negative
Fantastic experience very pleased,Positive
Works as expected nothing more,Neutral
Satisfactory product meets basic needs,Neutral
Fair quality average performance,Neutral
Superb quality will buy again,Positive
Works as expected nothing more,Neutral
Excellent purchase very happy with it,Positive
Neither good nor bad just average,Neutral
Very bad experience never again,Negative
Excellent purchase very happy with it,Positive
Very bad experience never again,Negative
Satisfactory product meets basic needs,Neutral
Fair quality average performance,Neutral
Average quality meets expectations,Neutral
Neither good nor bad just average,Neutral
This product is amazing and wonderful,Positive
Very disappointed with the quality,Negative
Average quality meets expectations,Neutral
Great value for money loved it,Positive
Okay product not great not bad,Neutral
Superb quality will buy again,Positive
Acceptable quality for the price,Neutral
Acceptable quality for the price,Neutral
Excellent purchase very happy with it,Positive
Fantastic experience very pleased,Positive
Superb quality will buy again,Positive
Poor quality stopped working quickly,Negative
Completely useless and broken,Negative
Terrible quality very disappointed,Negative
Very disappointed with the quality,Negative
Works as expected nothing more,Neutral
Very bad experience never again,Negative
Defective item very unhappy,Negative
Best product ever highly recommend,Positive
Satisfactory product meets basic needs,Neutral
Completely useless and broken,Negative
Superb quality will buy again,Positive
Superb quality will buy again,Positive
Defective item very unhappy,Negative
Average quality meets expectations,Neutral
Poor quality stopped working quickly,Negative
Satisfactory product meets basic needs,Neutral
Perfect product works exactly as described,Positive
Great value for money loved it,Positive
This product is amazing and wonderful,Positive
This product is amazing and wonderful,Positive
Poor quality stopped working quickly,Negative
Terrible quality very disappointed,Negative
Works as expected nothing more,Neutral
Really satisfied with this purchase,Positive
Product is okay nothing special,Neutral
Perfect product works exactly as described,Positive
Defective item very unhappy,Negative
Product is okay nothing special,Neutral
Neither good nor bad just average,Neutral
Product is okay nothing special,Neutral
Excellent purchase very happy with it,Positive
This product is amazing and wonderful,Positive
Really satisfied with this purchase,Positive
Acceptable quality for the price,Neutral
This product is terrible waste of money,Negative
Defective item very unhappy,Negative
Completely useless and broken,Negative
This product is amazing and wonderful,Positive
Product is okay nothing special,Neutral
I absolutely love this item great quality,Positive
Very bad experience never again,Negative
Product is okay nothing special,Neutral
Horrible product not worth it,Negative
Outstanding quality and fast delivery,Positive
I absolutely love this item great quality,Positive
Fantastic experience very pleased,Positive
Completely useless and broken,Negative
I absolutely love this item great quality,Positive
This product is amazing and wonderful,Positive
Acceptable quality for the price,Neutral
Great value for money loved it,Positive
Decent product for the price,Neutral
Neither good nor bad just average,Neutral
Fantastic experience very pleased,Positive
Fair quality average performance,Neutral
Worst purchase ever do not buy,Negative
Outstanding quality and fast delivery,Positive
Really satisfied with this purchase,Positive
Decent product for the price,Neutral
Superb quality will buy again,Positive
I absolutely love this item great quality,Positive
Outstanding quality and fast delivery,Positive
Superb quality will buy again,Positive
Horrible product not worth it,Negative
Best product ever highly recommend,Positive
Fair quality average performance,Neutral
Average quality meets expectations,Neutral
Very bad experience never again,Negative
Product is okay nothing special,Neutral
Fantastic experience very pleased,Positive
Perfect product works exactly as described,Positive
Worst purchase ever do not buy,Negative
Best product ever highly recommend,Positive
Terrible quality very disappointed,Negative
Neither good nor bad just average,Neutral
Product is okay nothing special,Neutral
Worst purchase ever do not buy,Negative
I absolutely love this item great quality,Positive
Completely useless and broken,Negative
Best product ever highly recommend,Positive
It is fine does what it should,Neutral
Defective item very unhappy,Negative
This product is terrible waste of money,Negative
Defective item very unhappy,Negative
Worst purchase ever do not buy,Negative
Outstanding quality and fast delivery,Positive
Worst purchase ever do not buy,Negative
Outstanding quality and fast delivery,Positive
Excellent purchase very happy with it,Positive
Excellent purchase very happy with it,Positive
Average quality meets expectations,Neutral
Excellent purchase very happy with it,Positive
Fair quality average performance,Neutral
Poor quality stopped working quickly,Negative
Really satisfied with this purchase,Positive
I absolutely love this item great quality,Positive
Worst purchase ever do not buy,Negative
Superb quality will buy again,Positive
Superb quality will buy again,Positive
Terrible quality very disappointed,Negative
Poor quality stopped working quickly,Negative
It is fine does what it should,Neutral
Average quality meets expectations,Neutral
Best product ever highly recommend,Positive
Superb quality will buy again,Positive
This product is terrible waste of money,Negative
Defective item very unhappy,Negative
Outstanding quality and fast delivery,Positive
Acceptable quality for the price,Neutral
It is fine does what it should,Neutral
Superb quality will buy again,Positive
Poor quality stopped working quickly,Negative
Decent product for the price,Neutral
Great value for money loved it,Positive
Very bad experience never again,Negative
This product is terrible waste of money,Negative
Works as expected nothing more,Neutral
Best product ever highly recommend,Positive
Poor quality stopped working quickly,Negative
Defective item very unhappy,Negative
Works as expected nothing more,Neutral
Outstanding quality and fast delivery,Positive
Outstanding quality and fast delivery,Positive
Really satisfied with this purchase,Positive
Poor quality stopped working quickly,Negative
Excellent purchase very happy with it,Positive
Outstanding quality and fast delivery,Positive
Really satisfied with this purchase,Positive
Very disappointed with the quality,Negative
Great value for money loved it,Positive
Superb quality will buy again,Positive
Product is okay nothing special,Neutral
Average quality meets expectations,Neutral
I absolutely love this item great quality,Positive
Fair quality average performance,Neutral
Awful product waste of time,Negative
Very bad experience never again,Negative
I absolutely love this item great quality,Positive
Product is okay nothing special,Neutral
Excellent purchase very happy with it,Positive
Satisfactory product meets basic needs,Neutral
Worst purchase ever do not buy,Negative
Product is okay nothing special,Neutral
Okay product not great not bad,Neutral
Superb quality will buy again,Positive
Great value for money loved it,Positive
Worst purchase ever do not buy,Negative
Average quality meets expectations,Neutral
Acceptable quality for the price,Neutral
Defective item very unhappy,Negative
Terrible quality very disappointed,Negative
I absolutely love this item great quality,Positive
Awful product waste of time,Negative
Great value for money loved it,Positive
Very bad experience never again,Negative
This product is terrible waste of money,Negative
It is fine does what it should,Neutral
Terrible quality very disappointed,Negative
Excellent purchase very happy with it,Positive
Very bad experience never again,Negative
Horrible product not worth it,Negative
Outstanding quality and fast delivery,Positive
Perfect product works exactly as described,Positive
Satisfactory product meets basic needs,Neutral
Awful product waste of time,Negative
Poor quality stopped working quickly,Negative
Decent product for the price,Neutral
Fantastic experience very pleased,Positive
Terrible quality very disappointed,Negative
Works as expected nothing more,Neutral
Neither good nor bad just average,Neutral
Completely useless and broken,Negative
Superb quality will buy again,Positive
I absolutely love this item great quality,Positive
Great value for money loved it,Positive
Outstanding quality and fast delivery,Positive
This product is terrible waste of money,Negative
Product is okay nothing special,Neutral
Neither good nor bad just average,Neutral
Awful product waste of time,Negative
Very disappointed with the quality,Negative
Fantastic experience very pleased,Positive
Very bad experience never again,Negative
Acceptable quality for the price,Neutral
Perfect product works exactly as described,Positive
Really satisfied with this purchase,Positive
Fair quality average performance,Neutral
Acceptable quality for the price,Neutral
Very bad experience never again,Negative
Works as expected nothing more,Neutral
Terrible quality very disappointed,Negative
Okay product not great not bad,Neutral
Very disappointed with the quality,Negative
It is fine does what it should,Neutral
Very disappointed with the quality,Negative
Excellent purchase very happy with it,Positive
Great value for money loved it,Positive
Average quality meets expectations,Neutral
This product is amazing and wonderful,Positive
I absolutely love this item great quality,Positive
Best product ever highly recommend,Positive
Perfect product works exactly as described,Positive
Very disappointed with the quality,Negative
Decent product for the price,Neutral
Average quality meets expectations,Neutral
Satisfactory product meets basic needs,Neutral
Best product ever highly recommend,Positive
Satisfactory product meets basic needs,Neutral
Product is okay nothing special,Neutral
Horrible product not worth it,Negative
Horrible product not worth it,Negative
Best product ever highly recommend,Positive
Acceptable quality for the price,Neutral
Fair quality average performance,Neutral
Awful product waste of time,Negative
This product is terrible waste of money,Negative
Completely useless and broken,Negative
Satisfactory product meets basic needs,Neutral
Perfect product works exactly as described,Positive
Awful product waste of time,Negative
Very disappointed with the quality,Negative
Worst purchase ever do not buy,Negative
Completely useless and broken,Negative
Product is okay nothing special,Neutral
Average quality meets expectations,Neutral
This product is terrible waste of money,Negative
Great value for money loved it,Positive
This product is terrible waste of money,Negative
Average quality meets expectations,Neutral
This product is terrible waste of money,Negative
Fantastic experience very pleased,Positive
Horrible product not worth it,Negative
Very bad experience never again,Negative
Fantastic experience very pleased,Positive
Superb quality will buy again,Positive
Very bad experience never again,Negative
Very bad experience never again,Negative
Worst purchase ever do not buy,Negative
Horrible product not worth it,Negative
Great value for money loved it,Positive
Product is okay nothing special,Neutral
Very disappointed with the quality,Negative
Horrible product not worth it,Negative
Completely useless and broken,Negative
Acceptable quality for the price,Neutral
Outstanding quality and fast delivery,Positive
Neither good nor bad just average,Neutral
Average quality meets expectations,Neutral
Best product ever highly recommend,Positive
Neither good nor bad just average,Neutral
It is fine does what it should,Neutral
Best product ever highly recommend,Positive
It is fine does what it should,Neutral
Fair quality average performance,Neutral
Defective item very unhappy,Negative
Acceptable quality for the price,Neutral
Outstanding quality and fast delivery,Positive
Decent product for the price,Neutral
Best product ever highly recommend,Positive
Fantastic experience very pleased,Positive
Poor quality stopped working quickly,Negative
This product is amazing and wonderful,Positive
Decent product for the price,Neutral
Horrible product not worth it,Negative
Completely useless and broken,Negative
Works as expected nothing more,Neutral
This product is amazing and wonderful,Positive
Very disappointed with the quality,Negative
Completely useless and broken,Negative
Fantastic experience very pleased,Positive
Very disappointed with the quality,Negative
This product is amazing and wonderful,Positive
Fantastic experience very pleased,Positive
Poor quality stopped working quickly,Negative
Really satisfied with this purchase,Positive
Worst purchase ever do not buy,Negative
Defective item very unhappy,Negative
Decent product for the price,Neutral
Perfect product works exactly as described,Positive
This product is terrible waste of money,Negative
Defective item very unhappy,Negative
Terrible quality very disappointed,Negative
It is fine does what it should,Neutral
Really satisfied with this purchase,Positive
Fair quality average performance,Neutral
Poor quality stopped working quickly,Negative
Fantastic experience very pleased,Positive
Outstanding quality and fast delivery,Positive
Very disappointed with the quality,Negative
Completely useless and broken,Negative
Very bad experience never again,Negative
Very bad experience never again,Negative
Awful product waste of time,Negative
Okay product not great not bad,Neutral
Perfect product works exactly as described,Positive
Perfect product works exactly as described,Positive
Defective item very unhappy,Negative
This product is terrible waste of money,Negative
Acceptable quality for the price,Neutral
This product is amazing and wonderful,Positive
Acceptable quality for the price,Neutral
Worst purchase ever do not buy,Negative
Neither good nor bad just average,Neutral
Average quality meets expectations,Neutral
Horrible product not worth it,Negative
This product is amazing and wonderful,Positive
I absolutely love this item great quality,Positive
Great value for money loved it,Positive
Decent product for the price,Neutral
Works as expected nothing more,Neutral
Fair quality average performance,Neutral
Defective item very unhappy,Negative
Acceptable quality for the price,Neutral
Great value for money loved it,Positive
Perfect product works exactly as described,Positive
Works as expected nothing more,Neutral
Great value for money loved it,Positive
It is fine does what it should,Neutral
Horrible product not worth it,Negative
Terrible quality very disappointed,Negative
Okay product not great not bad,Neutral
Acceptable quality for the price,Neutral
Satisfactory product meets basic needs,Neutral
Awful product waste of time,Negative
Acceptable quality for the price,Neutral
Best product ever highly recommend,Positive
Defective item very unhappy,Negative
Really satisfied with this purchase,Positive
Great value for money loved it,Positive
Perfect product works exactly as described,Positive
Fair quality average performance,Neutral
Fantastic experience very pleased,Positive
Perfect product works exactly as described,Positive
Awful product waste of time,Negative
Works as expected nothing more,Neutral
Fantastic experience very pleased,Positive
Satisfactory product meets basic needs,Neutral
It is fine does what it should,Neutral
Defective item very unhappy,Negative
Satisfactory product meets basic needs,Neutral
Awful product waste of time,Negative
Okay product not great not bad,Neutral
Satisfactory product meets basic needs,Neutral
Satisfactory product meets basic needs,Neutral
Product is okay nothing special,Neutral
Acceptable quality for the price,Neutral
This product is terrible waste of money,Negative
This product is amazing and wonderful,Positive
Horrible product not worth it,Negative
Okay product not great not bad,Neutral
Very disappointed with the quality,Negative
Product is okay nothing special,Neutral
Defective item very unhappy,Negative
Completely useless and broken,Negative
Excellent purchase very happy with it,Positive
Neither good nor bad just average,Neutral
Awful product waste of time,Negative
Works as expected nothing more,Neutral
Average quality meets expectations,Neutral
Best product ever highly recommend,Positive
Horrible product not worth it,Negative
Satisfactory product meets basic needs,Neutral
Neither good nor bad just average,Neutral
Best product ever highly recommend,Positive
I absolutely love this item great quality,Positive
Best product ever highly recommend,Positive
Decent product for the price,Neutral
Perfect product works exactly as described,Positive
Fair quality average performance,Neutral
It is fine does what it should,Neutral
Superb quality will buy again,Positive
Decent product for the price,Neutral
Neither good nor bad just average,Neutral
Product is okay nothing special,Neutral
Excellent purchase very happy with it,Positive
Best product ever highly recommend,Positive
Horrible product not worth it,Negative
Satisfactory product meets basic needs,Neutral
This product is terrible waste of money,Negative
Fair quality average performance,Neutral
Completely useless and broken,Negative
Really satisfied with this purchase,Positive
Okay product not great not bad,Neutral
Excellent purchase very happy with it,Positive
This product is amazing and wonderful,Positive
Excellent purchase very happy with it,Positive
This product is terrible waste of money,Negative
Decent product for the price,Neutral
Product is okay nothing special,Neutral
This product is terrible waste of money,Negative
Terrible quality very disappointed,Negative
Superb quality will buy again,Positive
Okay product not great not bad,Neutral
Average quality meets expectations,Neutral
Great value for money loved it,Positive
Excellent purchase very happy with it,Positive
Poor quality stopped working quickly,Negative
Works as expected nothing more,Neutral
Awful product waste of time,Negative
Best product ever highly recommend,Positive
Great value for money loved it,Positive
Fair quality average performance,Neutral
Decent product for the price,Neutral
Terrible quality very disappointed,Negative
Best product ever highly recommend,Positive
Very disappointed with the quality,Negative
Very disappointed with the quality,Negative
Perfect product works exactly as described,Positive
Completely useless and broken,Negative
Fantastic experience very pleased,Positive
Best product ever highly recommend,Positive
Decent product for the price,Neutral
This product is amazing and wonderful,Positive
Excellent purchase very happy with it,Positive
Fair quality average performance,Neutral
Excellent purchase very happy with it,Positive
Very bad experience never again,Negative
Great value for money loved it,Positive
It is fine does what it should,Neutral
Satisfactory product meets basic needs,Neutral
Neither good nor bad just average,Neutral
Outstanding quality and fast delivery,Positive
It is fine does what it should,Neutral
Poor quality stopped working quickly,Negative
Fantastic experience very pleased,Positive
Very disappointed with the quality,Negative
I absolutely love this item great quality,Positive
Excellent purchase very happy with it,Positive
Terrible quality very disappointed,Negative
Average quality meets expectations,Neutral
Very disappointed with the quality,Negative
Fair quality average performance,Neutral
Average quality meets expectations,Neutral
Neither good nor bad just average,Neutral
I absolutely love this item great quality,Positive
Okay product not great not bad,Neutral
Okay product not great not bad,Neutral
Completely useless and broken,Negative
It is fine does what it should,Neutral
Fair quality average performance,Neutral
Average quality meets expectations,Neutral
Perfect product works exactly as described,Positive
Terrible quality very disappointed,Negative
Awful product waste of time,Negative
It is fine does what it should,Neutral
Worst purchase ever do not buy,Negative
Defective item very unhappy,Negative
Worst purchase ever do not buy,Negative
Okay product not great not bad,Neutral
Satisfactory product meets basic needs,Neutral
Average quality meets expectations,Neutral
Decent product for the price,Neutral
Neither good nor bad just average,Neutral
Very bad experience never again,Negative
Very bad experience never again,Negative
It is fine does what it should,Neutral
Horrible product not worth it,Negative
Very disappointed with the quality,Negative
Defective item very unhappy,Negative
Acceptable quality for the price,Neutral
Okay product not great not bad,Neutral
Neither good nor bad just average,Neutral
Poor quality stopped working quickly,Negative
Acceptable quality for the price,Neutral
This product is terrible waste of money,Negative
Decent product for the price,Neutral
Terrible quality very disappointed,Negative
Okay product not great not bad,Neutral
Outstanding quality and fast delivery,Positive
Really satisfied with this purchase,Positive
Product is okay nothing special,Neutral
Completely useless and broken,Negative
Decent product for the price,Neutral
Worst purchase ever do not buy,Negative
Completely useless and broken,Negative
Very disappointed with the quality,Negative
Satisfactory product meets basic needs,Neutral
Great value for money loved it,Positive
Excellent purchase very happy with it,Positive
Poor quality stopped working quickly,Negative
This product is terrible waste of money,Negative
Perfect product works exactly as described,Positive
Horrible product not worth it,Negative
Okay product not great not bad,Neutral
Average quality meets expectations,Neutral
Satisfactory product meets basic needs,Neutral
Worst purchase ever do not buy,Negative
Worst purchase ever do not buy,Negative
This product is terrible waste of money,Negative
Very bad experience never again,Negative
Completely useless and broken,Negative
Superb quality will buy again,Positive
Poor quality stopped working quickly,Negative
Great value for money loved it,Positive
Worst purchase ever do not buy,Negative
Average quality meets expectations,Neutral
Okay product not great not bad,Neutral
Awful product waste of time,Negative
Awful product waste of time,Negative
This product is amazing and wonderful,Positive
Outstanding quality and fast delivery,Positive
Average quality meets expectations,Neutral
This product is amazing and wonderful,Positive
Fair quality average performance,Neutral
This product is amazing and wonderful,Positive
Superb quality will buy again,Positive
Superb quality will buy again,Positive
Superb quality will buy again,Positive
I absolutely love this item great quality,Positive
Worst purchase ever do not buy,Negative
It is fine does what it should,Neutral
Okay product not great not bad,Neutral
Defective item very unhappy,Negative
It is fine does what it should,Neutral
Fair quality average performance,Neutral
This product is terrible waste of money,Negative
Outstanding quality and fast delivery,Positive
Outstanding quality and fast delivery,Positive
Product is okay nothing special,Neutral
Decent product for the price,Neutral
Excellent purchase very happy with it,Positive
Fantastic experience very pleased,Positive
Perfect product works exactly as described,Positive
Completely useless and broken,Negative
Great value for money loved it,Positive
Very disappointed with the quality,Negative
Okay product not great not bad,Neutral
Terrible quality very disappointed,Negative
Perfect product works exactly as described,Positive
Awful product waste of time,Negative
Really satisfied with this purchase,Positive
Okay product not great not bad,Neutral
Works as expected nothing more,Neutral
Really satisfied with this purchase,Positive
Okay product not great not bad,Neutral
Very bad experience never again,Negative
Fantastic experience very pleased,Positive
Very bad experience never again,Negative
I absolutely love this item great quality,Positive
I absolutely love this item great quality,Positive
Awful product waste of time,Negative
I absolutely love this item great quality,Positive
Worst purchase ever do not buy,Negative
Acceptable quality for the price,Neutral
Very bad experience never again,Negative
Neither good nor bad just average,Neutral
Average quality meets expectations,Neutral
Works as expected nothing more,Neutral
Average quality meets expectations,Neutral
Decent product for the price,Neutral
Really satisfied with this purchase,Positive
Outstanding quality and fast delivery,Positive
Very bad experience never again,Negative
Terrible quality very disappointed,Negative
Works as expected nothing more,Neutral
Product is okay nothing special,Neutral
I absolutely love this item great quality,Positive
Neither good nor bad just average,Neutral
Defective item very unhappy,Negative
Poor quality stopped working quickly,Negative
Acceptable quality for the price,Neutral
Horrible product not worth it,Negative
I absolutely love this item great quality,Positive
Best product ever highly recommend,Positive
Really satisfied with this purchase,Positive
This product is terrible waste of money,Negative
Perfect product works exactly as described,Positive
Fair quality average performance,Neutral
Great value for money loved it,Positive
This product is terrible waste of money,Negative
This product is amazing and wonderful,Positive
Horrible product not worth it,Negative
Decent product for the price,Neutral
Very disappointed with the quality,Negative
Fair quality average performance,Neutral
Worst purchase ever do not buy,Negative
Product is okay nothing special,Neutral
Horrible product not worth it,Negative
Defective item very unhappy,Negative
Fantastic experience very pleased,Positive
Very bad experience never again,Negative
Awful product waste of time,Negative
This product is terrible waste of money,Negative
It is fine does what it should,Neutral
Outstanding quality and fast delivery,Positive
Horrible product not worth it,Negative
Defective item very unhappy,Negative
Excellent purchase very happy with it,Positive
I absolutely love this item great quality,Positive
Fair quality average performance,Neutral
Fantastic experience very pleased,Positive
Decent product for the price,Neutral
Great value for money loved it,Positive
Very bad experience never again,Negative
Works as expected nothing more,Neutral
Really satisfied with this purchase,Positive
Very bad experience never again,Negative
Fair quality average performance,Neutral
Best product ever highly recommend,Positive
Awful product waste of time,Negative
It is fine does what it should,Neutral
This product is amazing and wonderful,Positive
Very disappointed with the quality,Negative
Neither good nor bad just average,Neutral
Okay product not great not bad,Neutral
Perfect product works exactly as described,Positive
It is fine does what it should,Neutral
This product is amazing and wonderful,Positive
Satisfactory product meets basic needs,Neutral
Great value for money loved it,Positive
I absolutely love this item great quality,Positive
Decent product for the price,Neutral
Works as expected nothing more,Neutral
Product is okay nothing special,Neutral
Decent product for the price,Neutral
This product is terrible waste of money,Negative
Acceptable quality for the price,Neutral
Okay product not great not bad,Neutral
